{"assets/fonts/BradescoSans-Bold.ttf":["assets/fonts/BradescoSans-Bold.ttf"],"assets/fonts/BradescoSans-BoldItalic.ttf":["assets/fonts/BradescoSans-BoldItalic.ttf"],"assets/fonts/BradescoSans-Light.ttf":["assets/fonts/BradescoSans-Light.ttf"],"assets/fonts/BradescoSans-LightItalic.ttf":["assets/fonts/BradescoSans-LightItalic.ttf"],"assets/fonts/BradescoSans-Medium.ttf":["assets/fonts/BradescoSans-Medium.ttf"],"assets/fonts/BradescoSans-MediumItalic.ttf":["assets/fonts/BradescoSans-MediumItalic.ttf"],"assets/fonts/BradescoSans-Regular.ttf":["assets/fonts/BradescoSans-Regular.ttf"],"assets/fonts/BradescoSans-RegularItalic.ttf":["assets/fonts/BradescoSans-RegularItalic.ttf"],"assets/fonts/BradescoSans-SemiBold.ttf":["assets/fonts/BradescoSans-SemiBold.ttf"],"assets/fonts/BradescoSans-SemiBoldItalic.ttf":["assets/fonts/BradescoSans-SemiBoldItalic.ttf"],"assets/images/Hand-Celphone.png":["assets/images/Hand-Celphone.png"],"assets/images/icons/calendar.png":["assets/images/icons/calendar.png"],"assets/images/icons/help-circle.png":["assets/images/icons/help-circle.png"],"assets/images/icons/money.png":["assets/images/icons/money.png"],"packages/cupertino_icons/assets/CupertinoIcons.ttf":["packages/cupertino_icons/assets/CupertinoIcons.ttf"]}