[{"family":"MaterialIcons","fonts":[{"asset":"fonts/MaterialIcons-Regular.otf"}]},{"family":"Bradesco Sans","fonts":[{"weight":700,"asset":"assets/fonts/BradescoSans-Bold.ttf"},{"weight":700,"style":"italic","asset":"assets/fonts/BradescoSans-BoldItalic.ttf"},{"weight":600,"asset":"assets/fonts/BradescoSans-SemiBold.ttf"},{"weight":600,"style":"italic","asset":"assets/fonts/BradescoSans-SemiBoldItalic.ttf"},{"weight":500,"asset":"assets/fonts/BradescoSans-Medium.ttf"},{"weight":500,"style":"italic","asset":"assets/fonts/BradescoSans-MediumItalic.ttf"},{"weight":400,"asset":"assets/fonts/BradescoSans-Regular.ttf"},{"weight":400,"style":"italic","asset":"assets/fonts/BradescoSans-RegularItalic.ttf"},{"weight":300,"asset":"assets/fonts/BradescoSans-Light.ttf"},{"weight":300,"style":"italic","asset":"assets/fonts/BradescoSans-LightItalic.ttf"}]},{"family":"packages/cupertino_icons/CupertinoIcons","fonts":[{"asset":"packages/cupertino_icons/assets/CupertinoIcons.ttf"}]}]